{
  "norm_stats": {
    "action": {
      "mean": [
        0.06278138607740402,
        0.08684184402227402,
        -0.09037306904792786,
        0.0005407392745837569,
        0.005643392913043499,
        -0.005229128058999777,
        -0.0496407225728035
      ],
      "std": [
        0.33550387620925903,
        0.37842416763305664,
        0.44471678137779236,
        0.03924213722348213,
        0.06339336931705475,
        0.07796652615070343,
        0.9987671375274658
      ],
      "q01": [
        -0.7046250104904175,
        -0.8009999990463257,
        -0.9375,
        -0.1146778017282486,
        -0.16394999623298645,
        -0.22404901683330536,
        -1.0
      ],
      "q99": [
        0.9371249675750732,
        0.8677500486373901,
        0.9371249675750732,
        0.13175314664840698,
        0.19275003671646118,
        0.3353504538536072,
        0.9995999336242676
      ]
    },
    "state": {
      "mean": [
        -0.046519044786691666,
        0.03440894931554794,
        0.7645662426948547,
        2.9717013835906982,
        -0.22046895325183868,
        -0.12558086216449738,
        0.0269158948212862,
        -0.02719239704310894
      ],
      "std": [
        0.1049383282661438,
        0.15176087617874146,
        0.37845876812934875,
        0.3481948673725128,
        0.906841516494751,
        0.3253720700740814,
        0.014170217327773571,
        0.014052669517695904
      ],
      "q01": [
        -0.3992278575897217,
        -0.26887813210487366,
        0.038001593202352524,
        1.508327841758728,
        -2.7210044860839844,
        -1.0806760787963867,
        0.0017351999413222075,
        -0.04002688080072403
      ],
      "q99": [
        0.13545873761177063,
        0.3356631398200989,
        1.2704156637191772,
        3.277169704437256,
        2.4054365158081055,
        0.5977985858917236,
        0.04031208157539368,
        -0.001779157668352127
      ]
    }
  }
}